{
    "Agent": {
        "total": 6.789548500004457
    },
    "Env": {
        "apply_act": 0.019535599974915385,
        "observation_computation": 0.013074000074993819,
        "powerflow_computation": 0.20046979998005554,
        "total": 0.23307940002996475
    },
    "total": 7.027185699989786
}