{"_timestamp":1.727899132474831e+09,"loss":0.0009619779884815216,"step":16470,"_runtime":48.9037073,"_step":10129,"_wandb":{"runtime":48},"reward_100_eps":-20.1}